{"offered": {"sex": {"female": 0.09307579351632216, "male": 0.09887776766757658}, "referral": {"other": 0.10716171336115131, "ad_or_cold_call": 0.03617069532892147, "previous_contractor": 0.1368021872695549, "friend": 0.1293199286016033, "headhunter_or_campus_recruiter": 0.05536422349508067}, "race": {"asian": 0.07879167555095223, "white": 0.11924493562312895, "black": 0.0608873371370178, "nativeamerican": 0.09741973941922848, "hispanic": 0.08321269408725765}}, "not_offered": {"sex": {"female": 0.3044055201698514, "male": 0.9011222323324236}, "referral": {"other": 0.9025802605807716, "ad_or_cold_call": 1.0500314912697095, "previous_contractor": 0.9793956019067945, "friend": 0.8547965997264954, "headhunter_or_campus_recruiter": 0.8384625371515364}, "race": {"asian": 0.9212382504635783, "white": 0.8805212725421375, "black": 0.9401877714383037, "nativeamerican": 0.9025802605807716, "hispanic": 0.9213840160095377}}}